phase,family,condition,severity,severity_unit,method,success_rate,full_rmse_mean,primary_error_name,primary_error_mean,stable_ratio_mean,capture_time_mean,settling_or_recovery_time_mean,forward_overshoot_mean,command_smoothness_mean,max_command_change_mean,held_out,source_file,notes
5.1,velocity_fault,velocity_coupling_alpha,0.0,alpha,PD+FF,1.0,0.4330287556375031,steady_rmse,0.0557829068837876,0.7215250000000002,5.5695,,0.0,1.0236956903528222e-05,,False,velocity_compensation_fault_summary.csv,Controller-path feedforward estimate fault; PPO observations remain true. Direct PPO not exposed to this mechanism.
5.1,velocity_fault,velocity_coupling_alpha,0.0,alpha,Residual PPO,1.0,0.4043452926482432,steady_rmse,0.0172676669284068,0.8057999999999998,3.884,,0.0053199243545532,3.602985198257507e-05,,False,velocity_compensation_fault_summary.csv,Controller-path feedforward estimate fault; PPO observations remain true. Direct PPO not exposed to this mechanism.
5.1,velocity_fault,velocity_coupling_alpha,0.25,alpha,PD+FF,1.0,0.4093374132924899,steady_rmse,0.0225885534688713,0.7825749999999999,4.3485000000000005,,5.078315734863281e-07,1.4646487467064732e-05,,False,velocity_compensation_fault_summary.csv,Controller-path feedforward estimate fault; PPO observations remain true. Direct PPO not exposed to this mechanism.
5.1,velocity_fault,velocity_coupling_alpha,0.25,alpha,Residual PPO,1.0,0.3922741597980597,steady_rmse,0.0086974494375741,0.8276750000000002,3.446499999999999,,0.005344762802124,6.20769798648534e-05,,False,velocity_compensation_fault_summary.csv,Controller-path feedforward estimate fault; PPO observations remain true. Direct PPO not exposed to this mechanism.
5.1,velocity_fault,velocity_coupling_alpha,0.5,alpha,PD+FF,1.0,0.3922992513949799,steady_rmse,0.0028758743071812,0.8057249999999998,3.8855,,0.0085070216655731,3.132381420856815e-05,,False,velocity_compensation_fault_summary.csv,Controller-path feedforward estimate fault; PPO observations remain true. Direct PPO not exposed to this mechanism.
5.1,velocity_fault,velocity_coupling_alpha,0.5,alpha,Residual PPO,1.0,0.3861911674249596,steady_rmse,0.0067350401078292,0.8368999999999999,3.2620000000000005,,0.0053488445281982,9.128531404436704e-05,,False,velocity_compensation_fault_summary.csv,Controller-path feedforward estimate fault; PPO observations remain true. Direct PPO not exposed to this mechanism.
5.1,velocity_fault,velocity_coupling_alpha,0.75,alpha,PD+FF,1.0,0.3876377319191988,steady_rmse,0.0196639389258162,0.7500749999999999,5.0195,,0.153862897157669,7.448115554531489e-05,,False,velocity_compensation_fault_summary.csv,Controller-path feedforward estimate fault; PPO observations remain true. Direct PPO not exposed to this mechanism.
5.1,velocity_fault,velocity_coupling_alpha,0.75,alpha,Residual PPO,1.0,0.3841035362325344,steady_rmse,0.0088524274574419,0.8131999999999999,3.6915,,0.0267925384640693,0.0001328850722547,,False,velocity_compensation_fault_summary.csv,Controller-path feedforward estimate fault; PPO observations remain true. Direct PPO not exposed to this mechanism.
5.1,velocity_fault,velocity_coupling_alpha,1.0,alpha,PD+FF,0.02,0.428457954957377,steady_rmse,0.1378674499770019,0.366225,11.911,,0.40884306371212,0.0002901797709537,,False,velocity_compensation_fault_summary.csv,Controller-path feedforward estimate fault; PPO observations remain true. Direct PPO not exposed to this mechanism.
5.1,velocity_fault,velocity_coupling_alpha,1.0,alpha,Residual PPO,0.58,0.4057659064814298,steady_rmse,0.0650191371763809,0.5697249999999999,7.753000000000001,,0.1871842870116233,0.0003161919917786,,False,velocity_compensation_fault_summary.csv,Controller-path feedforward estimate fault; PPO observations remain true. Direct PPO not exposed to this mechanism.
5.2,position_noise,position_observation_noise,0.0,m,PD+FF,1.0,0.4330287542939186,steady_rmse,0.0557829068228602,0.7215250000000002,5.5695,5.5695,0.0,1.023695691856119e-05,0.0117104809777811,False,observation_noise_summary.csv,
5.2,position_noise,position_observation_noise,0.0,m,Direct PPO,1.0,0.3845086766779422,steady_rmse,0.0063297923095524,0.8410750000000001,3.1795,3.1795,0.0074892652034759,0.0023249562643468,0.4500536586344242,False,observation_noise_summary.csv,
5.2,position_noise,position_observation_noise,0.0,m,Residual PPO,1.0,0.404345293790102,steady_rmse,0.0172676667757332,0.8057999999999998,3.884,3.884,0.0053199243545532,3.60298520536162e-05,0.0549444590136408,False,observation_noise_summary.csv,
5.2,position_noise,position_observation_noise,0.01,m,PD+FF,1.0,0.433041156232357,steady_rmse,0.0558007950335741,0.7215500000000001,5.569,5.569,0.0005518913269042,9.159894092590548e-05,0.0256912500038743,False,observation_noise_summary.csv,
5.2,position_noise,position_observation_noise,0.01,m,Direct PPO,1.0,0.3845161047577858,steady_rmse,0.0063921678601764,0.8406250000000002,3.1999999999999997,3.1999999999999997,0.009822335243225,0.0197765639517456,0.4903562459349632,False,observation_noise_summary.csv,
5.2,position_noise,position_observation_noise,0.01,m,Residual PPO,1.0,0.4043668669462203,steady_rmse,0.0174243655335158,0.8057500000000001,3.885,3.885,0.0064288067817687,0.0001806086888245,0.0591552890092134,False,observation_noise_summary.csv,
5.2,position_noise,position_observation_noise,0.03,m,PD+FF,1.0,0.4330971021950245,steady_rmse,0.0559595045633614,0.7213500000000002,5.573,5.573,0.002653841972351,0.0007425792870344,0.0693883183225989,False,observation_noise_summary.csv,
5.2,position_noise,position_observation_noise,0.03,m,Direct PPO,1.0,0.384579956382513,steady_rmse,0.0085506797721609,0.8379249999999998,3.3080000000000003,3.6245,0.0138379740715026,0.1287010759115219,0.899083309173584,False,observation_noise_summary.csv,
5.2,position_noise,position_observation_noise,0.03,m,Residual PPO,1.0,0.4044880555570125,steady_rmse,0.018494348777458,0.8056749999999998,3.8865,3.8865,0.0089118385314941,0.0013381558703258,0.0980598915368318,False,observation_noise_summary.csv,
5.2,position_noise,position_observation_noise,0.05,m,PD+FF,1.0,0.4331969147920608,steady_rmse,0.056280058696866,0.7212500000000002,5.575,5.575,0.0049669218063354,0.0020443773071747,0.114897625669837,False,observation_noise_summary.csv,
5.2,position_noise,position_observation_noise,0.05,m,Direct PPO,0.99,0.3846973231434822,steady_rmse,0.0133917915355414,0.8264,3.466,14.509595959595956,0.0177169972658157,0.2789196230471134,1.2976755475997923,False,observation_noise_summary.csv,
5.2,position_noise,position_observation_noise,0.05,m,Residual PPO,1.0,0.4047001780569553,steady_rmse,0.0203066516947001,0.8051249999999999,3.8985,3.8985,0.0111598420143127,0.0036447612964548,0.1586703751981258,False,observation_noise_summary.csv,
5.2,position_noise,position_observation_noise,0.1,m,PD+FF,1.0,0.4336428228020668,steady_rmse,0.0577603065222501,0.7209250000000001,5.586,5.586,0.0112281370162963,0.0081430339906364,0.2293052147328853,False,observation_noise_summary.csv,
5.2,position_noise,position_observation_noise,0.1,m,Direct PPO,0.86,0.3855073587596416,steady_rmse,0.0289174489490687,0.7131500000000002,3.871,19.41337209302326,0.0293980222940444,0.7193187916278839,2.0393520581722258,False,observation_noise_summary.csv,
5.2,position_noise,position_observation_noise,0.1,m,Residual PPO,1.0,0.4056119480729103,steady_rmse,0.0269067512266337,0.8001999999999998,4.015,4.0760000000000005,0.015540531873703,0.0143079884815961,0.3107734909653664,False,observation_noise_summary.csv,
5.2,velocity_noise,velocity_observation_noise,0.0,m/s,PD+FF,1.0,0.4330287542939186,steady_rmse,0.0557829068228602,0.7215250000000002,5.5695,5.5695,0.0,1.023695691856119e-05,0.0117104809777811,False,observation_noise_summary.csv,
5.2,velocity_noise,velocity_observation_noise,0.0,m/s,Direct PPO,1.0,0.3845086766779422,steady_rmse,0.0063297923095524,0.8410750000000001,3.1795,3.1795,0.0074892652034759,0.0023249562643468,0.4500536586344242,False,observation_noise_summary.csv,
5.2,velocity_noise,velocity_observation_noise,0.0,m/s,Residual PPO,1.0,0.404345293790102,steady_rmse,0.0172676667757332,0.8057999999999998,3.884,3.884,0.0053199243545532,3.60298520536162e-05,0.0549444590136408,False,observation_noise_summary.csv,
5.2,velocity_noise,velocity_observation_noise,0.01,m/s,PD+FF,1.0,0.4330569392442703,steady_rmse,0.0559201019443571,0.721425,5.5715,5.5715,0.0021266484260559,0.0005030546756461,0.0580747243389487,False,observation_noise_summary.csv,
5.2,velocity_noise,velocity_observation_noise,0.01,m/s,Direct PPO,1.0,0.3845084379613399,steady_rmse,0.0065629903716035,0.8404249999999999,3.2030000000000003,3.2030000000000003,0.0110520601272583,0.0330000081472098,0.5414269608259201,False,observation_noise_summary.csv,
5.2,velocity_noise,velocity_observation_noise,0.01,m/s,Residual PPO,1.0,0.404379576742649,steady_rmse,0.0176673039095476,0.8055749999999999,3.888500000000001,3.888500000000001,0.008392174243927,0.0007142407610081,0.0745134847611189,False,observation_noise_summary.csv,
5.2,velocity_noise,velocity_observation_noise,0.03,m/s,PD+FF,1.0,0.4333183048665524,steady_rmse,0.056892306599766,0.7207499999999999,5.584999999999999,5.584999999999999,0.0079271078109741,0.0044441512506455,0.1726156747341156,False,observation_noise_summary.csv,
5.2,velocity_noise,velocity_observation_noise,0.03,m/s,Direct PPO,1.0,0.3845754988491535,steady_rmse,0.0103231998765841,0.836275,3.3570000000000007,6.142,0.0169703859090805,0.1847440010309219,1.0535839927196502,False,observation_noise_summary.csv,
5.2,velocity_noise,velocity_observation_noise,0.03,m/s,Residual PPO,1.0,0.4046748329699039,steady_rmse,0.0204955674149096,0.8044249999999998,3.918,3.918,0.01432670712471,0.0061029505357146,0.2098705165088176,False,observation_noise_summary.csv,
5.2,velocity_noise,velocity_observation_noise,0.05,m/s,PD+FF,1.0,0.4338465963304043,steady_rmse,0.0587448448501527,0.7192749999999998,5.6205,5.6205,0.014110517501831,0.0123186064604669,0.2867345768213272,False,observation_noise_summary.csv,
5.2,velocity_noise,velocity_observation_noise,0.05,m/s,Direct PPO,0.97,0.3847747269272804,steady_rmse,0.0167820062488317,0.8099000000000001,3.514,17.875773195876288,0.0223481273651123,0.3631482616066933,1.4260231864452362,False,observation_noise_summary.csv,
5.2,velocity_noise,velocity_observation_noise,0.05,m/s,Residual PPO,1.0,0.4053164467215538,steady_rmse,0.0252147885598242,0.801075,4.021,4.119000000000001,0.0196437311172485,0.0167000602651387,0.3445512238144874,False,observation_noise_summary.csv,
5.2,velocity_noise,velocity_observation_noise,0.1,m/s,PD+FF,1.0,0.4362104460597038,steady_rmse,0.0660337996855378,0.7036500000000001,5.918500000000002,11.117,0.0302912437915802,0.0490727738291025,0.5725407579541206,False,observation_noise_summary.csv,
5.2,velocity_noise,velocity_observation_noise,0.1,m/s,Direct PPO,0.79,0.3858281126618385,steady_rmse,0.0345537687651813,0.672375,4.2235000000000005,19.602531645569623,0.033350024819374,0.7898129463195801,2.071910518407821,False,observation_noise_summary.csv,
5.2,velocity_noise,velocity_observation_noise,0.1,m/s,Residual PPO,0.99,0.4080420735478401,steady_rmse,0.0390729419142007,0.7626,4.430000000000001,16.853030303030305,0.0345150995254516,0.0630472326651215,0.6520270335674286,False,observation_noise_summary.csv,
5.3,observation_delay,observation_delay,0.0,ms,PD+FF,1.0,0.4330287542939186,steady_rmse,0.0557829068228602,0.7215250000000002,5.5695,5.5695,0.0,1.023695691856119e-05,0.0117104809777811,False,observation_delay_summary.csv,Legacy settling-time values near episode end can be misleading for failed Direct PPO cases; use success/stable ratio as primary evidence.
5.3,observation_delay,observation_delay,0.0,ms,Direct PPO,1.0,0.3845086766779422,steady_rmse,0.0063297923095524,0.8410750000000001,3.1795,3.1795,0.0074892652034759,0.0023249562643468,0.4500536586344242,False,observation_delay_summary.csv,Legacy settling-time values near episode end can be misleading for failed Direct PPO cases; use success/stable ratio as primary evidence.
5.3,observation_delay,observation_delay,0.0,ms,Residual PPO,1.0,0.404345293790102,steady_rmse,0.0172676667757332,0.8057999999999998,3.884,3.884,0.0053199243545532,3.60298520536162e-05,0.0549444590136408,False,observation_delay_summary.csv,Legacy settling-time values near episode end can be misleading for failed Direct PPO cases; use success/stable ratio as primary evidence.
5.3,observation_delay,observation_delay,100.0,ms,PD+FF,1.0,0.4284046837687492,steady_rmse,0.0498348992317915,0.7321749999999999,5.3565,5.3565,0.0,1.06845631376018e-05,0.0120157035347074,False,observation_delay_summary.csv,Legacy settling-time values near episode end can be misleading for failed Direct PPO cases; use success/stable ratio as primary evidence.
5.3,observation_delay,observation_delay,100.0,ms,Direct PPO,0.65,0.3839170344173908,steady_rmse,0.0143751540966331,0.54175,4.396551724137932,19.888805970149257,0.0305583497881889,0.0817437717318534,0.6053556853532791,False,observation_delay_summary.csv,Legacy settling-time values near episode end can be misleading for failed Direct PPO cases; use success/stable ratio as primary evidence.
5.3,observation_delay,observation_delay,100.0,ms,Residual PPO,1.0,0.4015557546913624,steady_rmse,0.0144164640456438,0.8091999999999999,3.8160000000000007,3.8160000000000007,0.0053301525115966,4.8412205833301416e-05,0.0632786687090992,False,observation_delay_summary.csv,Legacy settling-time values near episode end can be misleading for failed Direct PPO cases; use success/stable ratio as primary evidence.
5.3,observation_delay,observation_delay,200.0,ms,PD+FF,1.0,0.423810229897499,steady_rmse,0.0438288178667426,0.7432500000000002,5.135000000000002,5.135000000000002,0.0,1.116996509153978e-05,0.0122379884030669,False,observation_delay_summary.csv,Legacy settling-time values near episode end can be misleading for failed Direct PPO cases; use success/stable ratio as primary evidence.
5.3,observation_delay,observation_delay,200.0,ms,Direct PPO,0.0,0.3844422537088394,steady_rmse,0.0334020044095814,0.2803,,19.87,0.0836249667406082,0.0727606549113988,0.6668962886929513,False,observation_delay_summary.csv,Legacy settling-time values near episode end can be misleading for failed Direct PPO cases; use success/stable ratio as primary evidence.
5.3,observation_delay,observation_delay,200.0,ms,Residual PPO,1.0,0.398937463760376,steady_rmse,0.0120015852851793,0.8106749999999999,3.7865,3.7865,0.0053373527526855,6.071212847018615e-05,0.0691024255752563,False,observation_delay_summary.csv,Legacy settling-time values near episode end can be misleading for failed Direct PPO cases; use success/stable ratio as primary evidence.
5.3,observation_delay,observation_delay,300.00000000000006,ms,PD+FF,1.0,0.4193427424132824,steady_rmse,0.0377769934944808,0.7548750000000001,4.9025,4.9025,1.9073486328125e-08,1.1691596441778528e-05,0.0124358509061858,False,observation_delay_summary.csv,Legacy settling-time values near episode end can be misleading for failed Direct PPO cases; use success/stable ratio as primary evidence.
5.3,observation_delay,observation_delay,300.00000000000006,ms,Direct PPO,0.0,0.3885788162052631,steady_rmse,0.0654125132784247,0.165675,,19.887500000000003,0.1396781355142593,0.0576942766830325,0.705779914855957,False,observation_delay_summary.csv,Legacy settling-time values near episode end can be misleading for failed Direct PPO cases; use success/stable ratio as primary evidence.
5.3,observation_delay,observation_delay,300.00000000000006,ms,Residual PPO,1.0,0.3965575368702411,steady_rmse,0.0100892188563011,0.8105249999999999,3.796,3.796,0.0053418636322021,6.97821518042474e-05,0.0732870033755898,False,observation_delay_summary.csv,Legacy settling-time values near episode end can be misleading for failed Direct PPO cases; use success/stable ratio as primary evidence.
5.3,observation_delay,observation_delay,400.0,ms,PD+FF,1.0,0.4150832077860832,steady_rmse,0.0316831197123974,0.7667,4.666,4.666,3.004074096679688e-07,1.2249437943410158e-05,0.0125996366143226,False,observation_delay_summary.csv,Legacy settling-time values near episode end can be misleading for failed Direct PPO cases; use success/stable ratio as primary evidence.
5.3,observation_delay,observation_delay,400.0,ms,Direct PPO,0.0,0.4031386210024357,steady_rmse,0.1220917821675539,0.0502,,19.9,0.1896465623378753,0.0454007685929536,0.7221698832511901,False,observation_delay_summary.csv,Legacy settling-time values near episode end can be misleading for failed Direct PPO cases; use success/stable ratio as primary evidence.
5.3,observation_delay,observation_delay,400.0,ms,Residual PPO,1.0,0.3944876374304294,steady_rmse,0.0088704438391141,0.8085249999999999,3.9175,3.9175,0.0061867183446884,7.714410268818028e-05,0.0778098087012767,False,observation_delay_summary.csv,Legacy settling-time values near episode end can be misleading for failed Direct PPO cases; use success/stable ratio as primary evidence.
5.4,vision_loss,temporary_vision_loss,0.0,s,PD+FF,1.0,0.4330287556375031,steady_rmse,0.0557829068837876,0.7215250000000002,5.5695,2.5695,0.0,1.023695691856119e-05,0.0117104809777811,False,temporary_vision_loss_summary.csv,Last-valid target hold with constant-velocity target; dropout begins at t=3 s during pursuit transient.
5.4,vision_loss,temporary_vision_loss,0.0,s,Direct PPO,1.0,0.3845086758555819,steady_rmse,0.0063297922589523,0.8410750000000001,3.1795,0.3835,0.0074892652034759,0.0023249562643468,0.4500536586344242,False,temporary_vision_loss_summary.csv,Last-valid target hold with constant-velocity target; dropout begins at t=3 s during pursuit transient.
5.4,vision_loss,temporary_vision_loss,0.0,s,Residual PPO,1.0,0.4043452926482432,steady_rmse,0.0172676669284068,0.8057999999999998,3.884,0.8985000000000001,0.0053199243545532,3.60298520536162e-05,0.0549444590136408,False,temporary_vision_loss_summary.csv,Last-valid target hold with constant-velocity target; dropout begins at t=3 s during pursuit transient.
5.4,vision_loss,temporary_vision_loss,0.2,s,PD+FF,1.0,0.4328721047881025,steady_rmse,0.0554277996976137,0.7221750000000001,5.556500000000001,2.3565,0.0,1.1898767647835484e-05,0.0266550504416227,False,temporary_vision_loss_summary.csv,Last-valid target hold with constant-velocity target; dropout begins at t=3 s during pursuit transient.
5.4,vision_loss,temporary_vision_loss,0.2,s,Direct PPO,1.0,0.3844900298545076,steady_rmse,0.0064644181657361,0.8400250000000001,3.21,0.311,0.0113952302932739,0.0025504547433229,0.4852901944518089,False,temporary_vision_loss_summary.csv,Last-valid target hold with constant-velocity target; dropout begins at t=3 s during pursuit transient.
5.4,vision_loss,temporary_vision_loss,0.2,s,Residual PPO,1.0,0.404261059551517,steady_rmse,0.0170423694311812,0.8061999999999999,3.876000000000001,0.7210000000000001,0.0053202724456787,3.898471768479794e-05,0.0558776753768324,False,temporary_vision_loss_summary.csv,Last-valid target hold with constant-velocity target; dropout begins at t=3 s during pursuit transient.
5.4,vision_loss,temporary_vision_loss,0.5,s,PD+FF,1.0,0.4322698976267347,steady_rmse,0.0536909236226497,0.72555,5.489,1.9890000000000003,0.0,1.88410293594643e-05,0.0575347907654941,False,temporary_vision_loss_summary.csv,Last-valid target hold with constant-velocity target; dropout begins at t=3 s during pursuit transient.
5.4,vision_loss,temporary_vision_loss,0.5,s,Direct PPO,1.0,0.3846972973342953,steady_rmse,0.0074939015476562,0.8327,3.3595000000000006,0.3235,0.0339512836933136,0.0038325664045987,0.6847082658112049,False,temporary_vision_loss_summary.csv,Last-valid target hold with constant-velocity target; dropout begins at t=3 s during pursuit transient.
5.4,vision_loss,temporary_vision_loss,0.5,s,Residual PPO,1.0,0.403988944107174,steady_rmse,0.0159029692299273,0.8058999999999998,3.882000000000001,0.4905000000000001,0.0053223705291748,5.233068246525363e-05,0.0811235541850328,False,temporary_vision_loss_summary.csv,Last-valid target hold with constant-velocity target; dropout begins at t=3 s during pursuit transient.
5.4,vision_loss,temporary_vision_loss,0.8,s,PD+FF,1.0,0.4313806822851245,steady_rmse,0.0501905452286192,0.732525,5.349499999999999,1.5495,0.0,3.0845307637719085e-05,0.0877266163751483,False,temporary_vision_loss_summary.csv,Last-valid target hold with constant-velocity target; dropout begins at t=3 s during pursuit transient.
5.4,vision_loss,temporary_vision_loss,0.8,s,Direct PPO,1.0,0.3856415112348311,steady_rmse,0.0121674819901792,0.8188,3.65,0.4820000000000004,0.0832872760295868,0.0052447310765273,0.8836079114675521,False,temporary_vision_loss_summary.csv,Last-valid target hold with constant-velocity target; dropout begins at t=3 s during pursuit transient.
5.4,vision_loss,temporary_vision_loss,0.8,s,Residual PPO,1.0,0.4036655348509479,steady_rmse,0.0134351124707217,0.8040749999999999,3.9185,0.2980000000000004,0.0059402912855148,8.25292961235391e-05,0.1224331164732575,False,temporary_vision_loss_summary.csv,Last-valid target hold with constant-velocity target; dropout begins at t=3 s during pursuit transient.
5.4,vision_loss,temporary_vision_loss,1.0,s,PD+FF,1.0,0.4307070331281173,steady_rmse,0.0466614361488871,0.7395250000000001,5.2095,1.2095000000000002,0.0,4.164231140748598e-05,0.1077290018647909,False,temporary_vision_loss_summary.csv,Last-valid target hold with constant-velocity target; dropout begins at t=3 s during pursuit transient.
5.4,vision_loss,temporary_vision_loss,1.0,s,Direct PPO,1.0,0.3869938512627138,steady_rmse,0.0198479436574584,0.8077249999999999,3.8745,0.6235000000000002,0.1258684027194976,0.0060328678623773,0.9978941412270068,False,temporary_vision_loss_summary.csv,Last-valid target hold with constant-velocity target; dropout begins at t=3 s during pursuit transient.
5.4,vision_loss,temporary_vision_loss,1.0,s,Residual PPO,1.0,0.4034932931630733,steady_rmse,0.0113228841072892,0.8008249999999998,3.9835,0.211,0.0088933813571929,0.0001213820798147,0.1602863151952624,False,temporary_vision_loss_summary.csv,Last-valid target hold with constant-velocity target; dropout begins at t=3 s during pursuit transient.
5.5,target_motion,nominal,,scenario,PD+FF,1.0,0.4330287556375031,post_maneuver_rmse,0.0371650441968474,0.9887544483985764,,0.1400000000000001,0.0,1.023695691856119e-05,0.0117104809777811,False,unseen_trajectory_summary.csv,"For persistent maneuvers, post-maneuver RMSE/P95/stable ratio are more informative than reacquisition time."
5.5,target_motion,nominal,,scenario,Direct PPO,1.0,0.3845086758555819,post_maneuver_rmse,0.0057685100210764,1.0,,0.0,0.0055607914924621,0.0023249562643468,0.4500536586344242,False,unseen_trajectory_summary.csv,"For persistent maneuvers, post-maneuver RMSE/P95/stable ratio are more informative than reacquisition time."
5.5,target_motion,nominal,,scenario,Residual PPO,1.0,0.4043452926482432,post_maneuver_rmse,0.0107064003833523,1.0,,0.0,0.0053199243545532,3.60298520536162e-05,0.0549444590136408,False,unseen_trajectory_summary.csv,"For persistent maneuvers, post-maneuver RMSE/P95/stable ratio are more informative than reacquisition time."
5.5,target_motion,speed_step,,scenario,PD+FF,1.0,0.4338558942669117,post_maneuver_rmse,0.0489331839581491,0.966405693950178,,0.4240000000000005,0.0,0.0001303135759371,0.2188329109549522,False,unseen_trajectory_summary.csv,"For persistent maneuvers, post-maneuver RMSE/P95/stable ratio are more informative than reacquisition time."
5.5,target_motion,speed_step,,scenario,Direct PPO,1.0,0.3845896462728392,post_maneuver_rmse,0.0108737051307627,0.9893950177935944,,0.0990000000000005,0.0101380062103271,0.0036081686103716,0.647768871486187,False,unseen_trajectory_summary.csv,"For persistent maneuvers, post-maneuver RMSE/P95/stable ratio are more informative than reacquisition time."
5.5,target_motion,speed_step,,scenario,Residual PPO,1.0,0.4045475204110452,post_maneuver_rmse,0.0183178509257478,0.9909964412811392,,0.0765000000000006,0.0121797084808349,0.0002346427414158,0.2801169508695602,False,unseen_trajectory_summary.csv,"For persistent maneuvers, post-maneuver RMSE/P95/stable ratio are more informative than reacquisition time."
5.5,target_motion,lateral_sine,,scenario,PD+FF,1.0,0.4348614913659794,post_maneuver_rmse,0.0592322834929558,0.968576512455516,,0.3915000000000003,0.0018040109136822,0.0003730942195397,0.3455532050132751,False,unseen_trajectory_summary.csv,"For persistent maneuvers, post-maneuver RMSE/P95/stable ratio are more informative than reacquisition time."
5.5,target_motion,lateral_sine,,scenario,Direct PPO,1.0,0.3954846194192298,post_maneuver_rmse,0.1030901370919353,0.5979359430604982,,0.4500000000000003,0.0513131408896259,0.0041451388131827,0.7931508380174637,False,unseen_trajectory_summary.csv,"For persistent maneuvers, post-maneuver RMSE/P95/stable ratio are more informative than reacquisition time."
5.5,target_motion,lateral_sine,,scenario,Residual PPO,1.0,0.4060403845322784,post_maneuver_rmse,0.0430585195947395,0.9788612099644132,,0.247,0.010521556062399,0.0004128609382314,0.3512678679823875,False,unseen_trajectory_summary.csv,"For persistent maneuvers, post-maneuver RMSE/P95/stable ratio are more informative than reacquisition time."
5.5,target_motion,constant_turn,,scenario,PD+FF,1.0,0.4341724354702554,post_maneuver_rmse,0.0512923123884439,0.9888256227758008,,0.1390000000000001,0.0,2.604839552077465e-05,0.0117104809777811,False,unseen_trajectory_summary.csv,"For persistent maneuvers, post-maneuver RMSE/P95/stable ratio are more informative than reacquisition time."
5.5,target_motion,constant_turn,,scenario,Direct PPO,0.53,0.4085660146130913,post_maneuver_rmse,0.1509073448187514,0.5845551601423488,,0.0,0.0587360434971631,0.0023383358545834,0.4500536586344242,False,unseen_trajectory_summary.csv,"For persistent maneuvers, post-maneuver RMSE/P95/stable ratio are more informative than reacquisition time."
5.5,target_motion,constant_turn,,scenario,Residual PPO,1.0,0.4048393586523615,post_maneuver_rmse,0.0243523363505668,1.0,,0.0,0.013838688396038,5.144233993632952e-05,0.0549444590136408,False,unseen_trajectory_summary.csv,"For persistent maneuvers, post-maneuver RMSE/P95/stable ratio are more informative than reacquisition time."
5B-1,robust_training_alpha_sweep,velocity_coupling_alpha,0.0,alpha,Nominal Residual PPO,1.0,0.4043452926482432,steady_rmse,0.0172676669284068,0.8057999999999998,3.884,,0.0053199243545532,3.602985198257507e-05,,False,robust_residual_alpha_sweep_summary.csv,"Robust policy trained from scratch with alpha ~ U(0, 0.75); alpha=1.0 is a held-out severity, not an unseen fault type."
5B-1,robust_training_alpha_sweep,velocity_coupling_alpha,0.0,alpha,Robust Residual PPO,1.0,0.4018442557135092,steady_rmse,0.0087595658702442,0.7931999999999999,4.136,,0.0012850487232208,1.7774418027163547e-05,,False,robust_residual_alpha_sweep_summary.csv,"Robust policy trained from scratch with alpha ~ U(0, 0.75); alpha=1.0 is a held-out severity, not an unseen fault type."
5B-1,robust_training_alpha_sweep,velocity_coupling_alpha,0.25,alpha,Nominal Residual PPO,1.0,0.3922741597980597,steady_rmse,0.0086974494375741,0.8276750000000002,3.446499999999999,,0.005344762802124,6.20769798648534e-05,,False,robust_residual_alpha_sweep_summary.csv,"Robust policy trained from scratch with alpha ~ U(0, 0.75); alpha=1.0 is a held-out severity, not an unseen fault type."
5B-1,robust_training_alpha_sweep,velocity_coupling_alpha,0.25,alpha,Robust Residual PPO,1.0,0.3910072075568474,steady_rmse,0.0043409660739315,0.8149250000000001,3.7015,,0.0012882006168365,3.0097162789417437e-05,,False,robust_residual_alpha_sweep_summary.csv,"Robust policy trained from scratch with alpha ~ U(0, 0.75); alpha=1.0 is a held-out severity, not an unseen fault type."
5B-1,robust_training_alpha_sweep,velocity_coupling_alpha,0.5,alpha,Nominal Residual PPO,1.0,0.3861911674249596,steady_rmse,0.0067350401078292,0.8368999999999999,3.2620000000000005,,0.0053488445281982,9.128531404436704e-05,,False,robust_residual_alpha_sweep_summary.csv,"Robust policy trained from scratch with alpha ~ U(0, 0.75); alpha=1.0 is a held-out severity, not an unseen fault type."
5B-1,robust_training_alpha_sweep,velocity_coupling_alpha,0.5,alpha,Robust Residual PPO,1.0,0.3855868996276567,steady_rmse,0.0030119877505107,0.826825,3.4635,,0.001310167312622,6.940500307210697e-05,,False,robust_residual_alpha_sweep_summary.csv,"Robust policy trained from scratch with alpha ~ U(0, 0.75); alpha=1.0 is a held-out severity, not an unseen fault type."
5B-1,robust_training_alpha_sweep,velocity_coupling_alpha,0.75,alpha,Nominal Residual PPO,1.0,0.3841035362325344,steady_rmse,0.0088524274574419,0.8131999999999999,3.6915,,0.0267925384640693,0.0001328850722547,,False,robust_residual_alpha_sweep_summary.csv,"Robust policy trained from scratch with alpha ~ U(0, 0.75); alpha=1.0 is a held-out severity, not an unseen fault type."
5B-1,robust_training_alpha_sweep,velocity_coupling_alpha,0.75,alpha,Robust Residual PPO,1.0,0.3844409173051499,steady_rmse,0.0033500437700334,0.8198750000000001,3.606,,0.0060861584544181,0.0001326234207787,,False,robust_residual_alpha_sweep_summary.csv,"Robust policy trained from scratch with alpha ~ U(0, 0.75); alpha=1.0 is a held-out severity, not an unseen fault type."
5B-1,robust_training_alpha_sweep,velocity_coupling_alpha,1.0,alpha,Nominal Residual PPO,0.58,0.4057659064814298,steady_rmse,0.0650191371763809,0.5697249999999999,7.753000000000001,,0.1871842870116233,0.0003161919917786,,True,robust_residual_alpha_sweep_summary.csv,"Robust policy trained from scratch with alpha ~ U(0, 0.75); alpha=1.0 is a held-out severity, not an unseen fault type."
5B-1,robust_training_alpha_sweep,velocity_coupling_alpha,1.0,alpha,Robust Residual PPO,0.95,0.4024377012222817,steady_rmse,0.037941218035095,0.68325,6.092000000000001,,0.1229270845651626,0.0003243491707745,,True,robust_residual_alpha_sweep_summary.csv,"Robust policy trained from scratch with alpha ~ U(0, 0.75); alpha=1.0 is a held-out severity, not an unseen fault type."
5B-2,cross_robustness,Nominal,,endpoint,Nominal Residual PPO,1.0,0.404345293790102,condition_specific_primary_error,0.0172676667757332,0.8057999999999998,,3.884,0.0053199243545532,3.60298520536162e-05,,False,cross_robustness_summary.csv,Primary error = steady RMSE for noise/delay/vision; post-maneuver RMSE for target-motion scenarios.
5B-2,cross_robustness,Nominal,,endpoint,Robust Residual PPO,1.0,0.4018442590534687,condition_specific_primary_error,0.0087595658446662,0.7931999999999999,,4.136,0.0012850487232208,1.777441804733826e-05,,False,cross_robustness_summary.csv,Primary error = steady RMSE for noise/delay/vision; post-maneuver RMSE for target-motion scenarios.
5B-2,cross_robustness,Position noise 0.10 m,,endpoint,Nominal Residual PPO,1.0,0.4056119480729103,condition_specific_primary_error,0.0269067512266337,0.8001999999999998,,4.0760000000000005,0.015540531873703,0.0143079884815961,,False,cross_robustness_summary.csv,Primary error = steady RMSE for noise/delay/vision; post-maneuver RMSE for target-motion scenarios.
5B-2,cross_robustness,Position noise 0.10 m,,endpoint,Robust Residual PPO,1.0,0.4030617922544479,condition_specific_primary_error,0.0227930731233209,0.7779999999999998,,12.23,0.0326128494739532,0.0312836330197751,,False,cross_robustness_summary.csv,Primary error = steady RMSE for noise/delay/vision; post-maneuver RMSE for target-motion scenarios.
5B-2,cross_robustness,Velocity noise 0.10 m/s,,endpoint,Nominal Residual PPO,0.99,0.4080420735478401,condition_specific_primary_error,0.0390729419142007,0.7626,,16.853030303030305,0.0345150995254516,0.0630472326651215,,False,cross_robustness_summary.csv,Primary error = steady RMSE for noise/delay/vision; post-maneuver RMSE for target-motion scenarios.
5B-2,cross_robustness,Velocity noise 0.10 m/s,,endpoint,Robust Residual PPO,0.97,0.4046612367033958,condition_specific_primary_error,0.0283167193364352,0.7465,,17.828350515463917,0.0405572640895843,0.0766741530597209,,False,cross_robustness_summary.csv,Primary error = steady RMSE for noise/delay/vision; post-maneuver RMSE for target-motion scenarios.
5B-2,cross_robustness,Delay 400 ms,,endpoint,Nominal Residual PPO,1.0,0.3944876374304294,condition_specific_primary_error,0.0088704438391141,0.8085249999999999,,3.9175,0.0061867183446884,7.714410268818028e-05,,False,cross_robustness_summary.csv,Primary error = steady RMSE for noise/delay/vision; post-maneuver RMSE for target-motion scenarios.
5B-2,cross_robustness,Delay 400 ms,,endpoint,Robust Residual PPO,1.0,0.3928953848779201,condition_specific_primary_error,0.0067246143054217,0.817975,,3.6405,0.0096660137176513,6.644020304520381e-05,,False,cross_robustness_summary.csv,Primary error = steady RMSE for noise/delay/vision; post-maneuver RMSE for target-motion scenarios.
5B-2,cross_robustness,Vision loss 1.0 s,,endpoint,Nominal Residual PPO,1.0,0.4034932931630733,condition_specific_primary_error,0.0113228841072892,0.8008249999999998,,0.211,0.0088933813571929,0.0001213820798147,,False,cross_robustness_summary.csv,Primary error = steady RMSE for noise/delay/vision; post-maneuver RMSE for target-motion scenarios.
5B-2,cross_robustness,Vision loss 1.0 s,,endpoint,Robust Residual PPO,1.0,0.4011976211773219,condition_specific_primary_error,0.0055126457721573,0.7896249999999999,,0.2700000000000001,0.0108267867565155,0.0002169080226667,,False,cross_robustness_summary.csv,Primary error = steady RMSE for noise/delay/vision; post-maneuver RMSE for target-motion scenarios.
5B-2,cross_robustness,Speed step,,endpoint,Nominal Residual PPO,1.0,0.4045475204110452,condition_specific_primary_error,0.0183178509257478,0.9909964412811392,,0.0765000000000006,0.0121797084808349,0.0002346427414158,,False,cross_robustness_summary.csv,Primary error = steady RMSE for noise/delay/vision; post-maneuver RMSE for target-motion scenarios.
5B-2,cross_robustness,Speed step,,endpoint,Robust Residual PPO,1.0,0.4019177205893125,condition_specific_primary_error,0.0098915123531822,0.990284697508897,,0.0865000000000005,0.0027566719055175,0.0003013736469438,,False,cross_robustness_summary.csv,Primary error = steady RMSE for noise/delay/vision; post-maneuver RMSE for target-motion scenarios.
5B-2,cross_robustness,Lateral sine,,endpoint,Nominal Residual PPO,1.0,0.4060403845322784,condition_specific_primary_error,0.0430585195947395,0.9788612099644132,,0.247,0.010521556062399,0.0004128609382314,,False,cross_robustness_summary.csv,Primary error = steady RMSE for noise/delay/vision; post-maneuver RMSE for target-motion scenarios.
5B-2,cross_robustness,Lateral sine,,endpoint,Robust Residual PPO,1.0,0.4032369286375836,condition_specific_primary_error,0.0377690167658525,0.9785765124555164,,0.251,0.0139597548914382,0.0004345988974091,,False,cross_robustness_summary.csv,Primary error = steady RMSE for noise/delay/vision; post-maneuver RMSE for target-motion scenarios.
5B-2,cross_robustness,Constant turn,,endpoint,Nominal Residual PPO,1.0,0.4048393586523615,condition_specific_primary_error,0.0243523363505668,1.0,,0.0,0.013838688396038,5.144233993632952e-05,,False,cross_robustness_summary.csv,Primary error = steady RMSE for noise/delay/vision; post-maneuver RMSE for target-motion scenarios.
5B-2,cross_robustness,Constant turn,,endpoint,Robust Residual PPO,1.0,0.4025558621326006,condition_specific_primary_error,0.026323510798677,1.0,,0.0,0.0124177812749027,3.2645279370626666e-05,,False,cross_robustness_summary.csv,Primary error = steady RMSE for noise/delay/vision; post-maneuver RMSE for target-motion scenarios.
