seed,initial_uav_x,initial_uav_y,ugv_vx,episode_length,success,total_reward,rmse,steady_rmse,max_tracking_error,final_error,final_relative_speed,stable_ratio,capture_time,command_smoothness,mean_command_change,max_command_change,saturation_ratio,mean_residual,rms_residual,max_residual,residual_smoothness
1000,-1.2179213762283325,0.20768369734287262,0.34128254652023315,400,True,259.9993637975407,0.36120957136154175,0.013683193363249302,1.2965424060821533,0.005001693498343229,1.3944091733719688e-05,0.8125,3.75,3.3793032343965024e-05,0.0019561045337468386,0.05571926385164261,0.0425,0.02956201322376728,0.063721664249897,0.15413354337215424,1.9871720724040642e-05
1001,-1.0811076164245605,-0.9685990810394287,0.25630688667297363,400,True,256.1891897431613,0.3760833442211151,0.016620410606265068,1.4634742736816406,0.0019275072263553739,1.6550966392969713e-05,0.81,3.799999952316284,4.318963328842074e-05,0.0025740042328834534,0.05437629297375679,0.0,0.029577886685729027,0.06473281979560852,0.17141440510749817,2.2373928004526533e-05
1002,-1.428768277168274,-0.28562131524086,0.4242836833000183,400,True,227.91166899013504,0.46245697140693665,0.021434780210256577,1.5500004291534424,0.007963348180055618,2.4469538402627222e-05,0.7875,4.25,3.219581412849948e-05,0.0019805445335805416,0.05298702046275139,0.0875,0.034252043813467026,0.06764880567789078,0.1549753099679947,2.000327003770508e-05
1003,-1.7183640003204346,-0.48658838868141174,0.34840381145477295,400,True,207.31395074910705,0.543838620185852,0.023328004404902458,1.8390741348266602,0.005236085969954729,2.6381725547253154e-05,0.7725,4.550000190734863,3.670249861897901e-05,0.0023248742800205946,0.05634022131562233,0.085,0.03601401671767235,0.07075756043195724,0.15686844289302826,2.068250614684075e-05
1004,-1.998679280281067,-0.7396973967552185,0.24154320359230042,400,True,191.08349627897863,0.6163114905357361,0.024074099957942963,2.150963544845581,0.0014178375713527203,2.4515633413102478e-05,0.7625,4.75,4.413809801917523e-05,0.0027701815124601126,0.055192913860082626,0.075,0.037327226251363754,0.0736604854464531,0.16096889972686768,2.163767203455791e-05
1005,-1.8766711950302124,0.8611240983009338,0.28618520498275757,400,True,196.20108799596605,0.602458119392395,0.02085922658443451,2.090625047683716,0.0029817847535014153,2.1567355361185037e-05,0.7675,4.650000095367432,3.913275577360764e-05,0.00249710981734097,0.055166564881801605,0.0775,0.03634672984480858,0.07307477295398712,0.1588299721479416,1.939465983014088e-05
1006,-1.4946178197860718,0.20171388983726501,0.28934937715530396,400,True,239.52566942113586,0.43632838129997253,0.015342536382377148,1.5514538288116455,0.0031171035952866077,1.1388018720026594e-05,0.795,4.099999904632568,3.6151803215034306e-05,0.002092739101499319,0.053231265395879745,0.0525,0.03164638206362724,0.06685754656791687,0.1538892388343811,2.0123559806961566e-05
1007,-1.8931626081466675,0.6319606900215149,0.39287856221199036,400,True,179.26265936777395,0.6392723321914673,0.02845231257379055,2.0610768795013428,0.00684319855645299,2.6273884941474535e-05,0.755,4.900000095367432,3.290406311862171e-05,0.002142814453691244,0.05471135675907135,0.115,0.03894627466797829,0.07378925383090973,0.1554505079984665,1.894613706099335e-05
1008,-1.749120831489563,0.6261014938354492,0.26522985100746155,400,True,214.28936454503875,0.533538818359375,0.017587458714842796,1.8834666013717651,0.002247939119115472,1.3434510037768632e-05,0.7775,4.449999809265137,3.853837915812619e-05,0.002355073345825076,0.05558688938617706,0.0625,0.03424150124192238,0.07076806575059891,0.15691137313842773,1.980238812393509e-05
1009,-1.9152493476867676,-0.3461688160896301,0.2149554342031479,400,True,206.28245329694454,0.5579289197921753,0.019593173637986183,1.9666138887405396,0.0007689861813560128,1.8362397895543836e-05,0.77,4.599999904632568,4.177825394435786e-05,0.002525720279663801,0.05725100636482239,0.0625,0.035193827003240585,0.07122911512851715,0.1556846648454666,2.13248458749149e-05
1010,-1.8575115203857422,0.07161146402359009,0.4753030240535736,400,True,164.7495236318369,0.6557148098945618,0.03814190253615379,1.9881092309951782,0.00969989225268364,4.745781552628614e-05,0.74,5.199999809265137,2.8691438274108805e-05,0.0016017148736864328,0.05450551584362984,0.1475,0.04165934398770332,0.07519786804914474,0.1528051793575287,1.912295920192264e-05
1011,-1.57381272315979,0.12664707005023956,0.26378002762794495,400,True,234.55191526294527,0.4535141885280609,0.015551380813121796,1.6155236959457397,0.0021974556148052216,1.2921393135911785e-05,0.79,4.199999809265137,3.744530840776861e-05,0.0021516012493520975,0.05368965491652489,0.05,0.03204314410686493,0.0675143450498581,0.15345239639282227,2.042533924395684e-05
1012,-1.5405192375183105,0.561293363571167,0.2715309262275696,400,True,233.94531953723305,0.46328115463256836,0.015351935289800167,1.6671758890151978,0.0024710961151868105,1.3396152098721359e-05,0.7925,4.150000095367432,3.762917185667902e-05,0.0022737891413271427,0.05304685980081558,0.05,0.0322064645588398,0.06846164166927338,0.1571425050497055,1.9633689589682035e-05
1013,-0.8082606196403503,-0.8420410752296448,0.401797890663147,400,True,268.49429491738664,0.3158614933490753,0.0154860345646739,1.1964707374572754,0.0071718767285346985,2.0352317733340897e-05,0.8175,3.6500000953674316,4.7975743655115366e-05,0.002410098910331726,0.06542210280895233,0.0,0.027910446748137474,0.06002809479832649,0.1650579571723938,3.0210367185645737e-05
1014,-1.3467140197753906,0.1714046150445938,0.4693894386291504,400,True,230.5157233365461,0.44937044382095337,0.021657641977071762,1.4806573390960693,0.009526695124804974,3.117717642453499e-05,0.79,4.199999809265137,2.895778561651241e-05,0.0016169575974345207,0.054989203810691833,0.0975,0.03430651128292084,0.06732849776744843,0.15339289605617523,1.9179882656317204e-05
1015,-1.4601455926895142,0.21413566172122955,0.39239153265953064,400,True,230.80010414715863,0.45922550559043884,0.01915055699646473,1.5589067935943604,0.006839871406555176,1.858260111475829e-05,0.79,4.199999809265137,3.1763906008563936e-05,0.0018272976158186793,0.05576050654053688,0.0775,0.03347650542855263,0.06748353689908981,0.15376253426074982,1.9471857740427367e-05
1016,-1.6580126285552979,-0.11461202055215836,0.3060871958732605,400,True,222.42609751015348,0.494822233915329,0.01882169023156166,1.7121773958206177,0.0036991529632359743,2.37389267567778e-05,0.7825,4.349999904632568,3.6118104617344216e-05,0.0021480745635926723,0.05453181639313698,0.0675,0.03381337970495224,0.06873146444559097,0.15353934466838837,2.0473900804063305e-05
1017,-0.62247234582901,0.6426637768745422,0.4917738139629364,400,True,289.29779459431927,0.25498971343040466,0.012844742275774479,0.9478725790977478,0.010344062931835651,7.2557045314169955e-06,0.8425,3.1500000953674316,2.990682696690783e-05,0.0018267848063260317,0.050358716398477554,0.0,0.02521008811891079,0.055657122284173965,0.16635532677173615,1.8507569620851427e-05
1018,-1.1090368032455444,-0.0900818482041359,0.4614541530609131,400,True,257.86163563289193,0.35859066247940063,0.017075959593057632,1.2328956127166748,0.009289258159697056,1.357173914584564e-05,0.8125,3.75,3.0020570193300955e-05,0.0017329611582681537,0.05410560593008995,0.0725,0.030771050602197647,0.06292863935232162,0.1520790457725525,2.23268689296674e-05
1019,-1.674609661102295,-0.20800989866256714,0.34006524085998535,400,True,215.53915945659907,0.514828085899353,0.020960848778486252,1.748307704925537,0.004948955029249191,1.822301965148654e-05,0.7775,4.449999809265137,3.52579663740471e-05,0.0021341415122151375,0.05667103826999664,0.08,0.03487507253885269,0.06946215033531189,0.15427587926387787,2.0447423594305292e-05
1020,-1.1319496631622314,-0.4326494336128235,0.2227078378200531,400,True,273.64321795349304,0.31911933422088623,0.012227031402289867,1.2291920185089111,0.000903709908016026,1.3788575415674131e-05,0.825,3.5,3.7560319469776005e-05,0.002220743102952838,0.05772735923528671,0.0,0.02745729498565197,0.06196720153093338,0.15797342360019684,2.198835318267811e-05
1021,-1.4384177923202515,-0.8382971882820129,0.49743902683258057,400,True,202.50735871727744,0.5359554290771484,0.029659701511263847,1.7444440126419067,0.010492485947906971,3.0480723580694757e-05,0.7675,4.650000095367432,3.4828677598852664e-05,0.002346588531509042,0.05463282763957977,0.1175,0.03817393630743027,0.07178893685340881,0.16212311387062073,2.0283629055484198e-05
1022,-1.999210000038147,0.8368335366249084,0.37694433331489563,400,True,167.18609746618944,0.6856614947319031,0.029940199106931686,2.218454360961914,0.006273310631513596,2.497606328688562e-05,0.7475,5.050000190734863,3.501401442917995e-05,0.002356025157496333,0.05289324373006821,0.1175,0.03988991305232048,0.0752163752913475,0.15666283667087555,1.8898594134952873e-05
1023,-1.4916963577270508,0.8117974996566772,0.4728805720806122,400,True,204.84807693641926,0.5421852469444275,0.0260738767683506,1.7737066745758057,0.00964532233774662,3.221473525627516e-05,0.7725,4.550000190734863,3.101288893958554e-05,0.0020907872822135687,0.05355868861079216,0.1125,0.037116292864084244,0.07130899280309677,0.15835648775100708,1.8089784134645015e-05
1024,-1.51630699634552,-0.48329436779022217,0.3110935389995575,400,True,232.7596933817429,0.4610966444015503,0.018551960587501526,1.631180763244629,0.003881096839904785,2.3821952709113248e-05,0.7925,4.150000095367432,3.8642498111585155e-05,0.0023586826864629984,0.056165050715208054,0.06,0.03303354233503342,0.06780123710632324,0.1573227345943451,2.1088841094751842e-05
1025,-0.7683239579200745,0.258014976978302,0.24864348769187927,400,True,307.6098173454345,0.20762118697166443,0.007234308402985334,0.8374007940292358,0.001686630304902792,5.382567451306386e-06,0.8575,2.8499999046325684,3.6361616366775706e-05,0.0017345943488180637,0.05492113158106804,0.0,0.02177649922668934,0.05567360669374466,0.15678633749485016,2.729713378357701e-05
1026,-1.7438942193984985,0.19023452699184418,0.2583710551261902,400,True,219.63868166285107,0.509953498840332,0.017274774610996246,1.788628101348877,0.0020020385272800922,1.5804791473783553e-05,0.78,4.400000095367432,3.780873157666065e-05,0.0021751970052719116,0.0565347783267498,0.0625,0.03367803245782852,0.06947246193885803,0.15370053052902222,2.0441326341824606e-05
1027,-1.9580382108688354,0.12429128587245941,0.36954861879348755,400,True,179.67170893802458,0.6339989900588989,0.028007719665765762,2.037653923034668,0.005995755549520254,2.9756920412182808e-05,0.7525,4.949999809265137,3.274477057857439e-05,0.0018681245855987072,0.05602428689599037,0.11,0.03874671831727028,0.07340129464864731,0.15314307808876038,1.9739887648029253e-05
1028,-0.7757433652877808,-0.22796711325645447,0.4025936424732208,400,True,294.9285432877692,0.23994915187358856,0.011350352317094803,0.8892406821250916,0.007213898003101349,1.2916766536363866e-05,0.8475,3.049999952316284,3.6491335777100176e-05,0.001887945574708283,0.05677872151136398,0.0,0.025152195245027542,0.05619287118315697,0.15186631679534912,2.4997305445140228e-05
1029,-0.7448340058326721,0.6458722352981567,0.214758962392807,400,True,302.4008520692159,0.2371533215045929,0.008169654756784439,0.9937342405319214,0.0007768401992507279,3.2304915293934755e-06,0.8575,2.8499999046325684,3.6743782402481884e-05,0.001916992012411356,0.05146240442991257,0.0,0.022494398057460785,0.05792383477091789,0.16905789077281952,2.5806182748056017e-05
1030,-1.6447029113769531,-0.9496257901191711,0.4438457489013672,400,True,189.93411208663127,0.5955281257629395,0.031078556552529335,1.9598075151443481,0.008641497232019901,3.102056143688969e-05,0.7625,4.75,3.807864777627401e-05,0.0025685231667011976,0.05486126244068146,0.1125,0.039261624217033386,0.07383266091346741,0.16431967914104462,2.0618590497178957e-05
1031,-0.9611496329307556,0.9009804725646973,0.39864641427993774,400,True,263.5714123039674,0.36069607734680176,0.014625695534050465,1.349510669708252,0.0070791481994092464,1.0611074685584754e-05,0.8225,3.549999952316284,3.718184962053783e-05,0.002242713002488017,0.05111182481050491,0.03,0.02947942726314068,0.06425776332616806,0.16968649625778198,2.1757072317996062e-05
1032,-0.6833899617195129,-0.5306191444396973,0.49894750118255615,400,True,283.3675646528552,0.2602449357509613,0.014496737159788609,0.9415234923362732,0.010577704757452011,1.2755440366163384e-05,0.8325,3.3499999046325684,3.37668061547447e-05,0.0019697309471666813,0.05468523129820824,0.0325,0.02661685273051262,0.05628572404384613,0.15590673685073853,2.1900399588048458e-05
1033,-0.7577928304672241,0.7459949851036072,0.4761985242366791,400,True,277.1402848393554,0.3014245629310608,0.014047013595700264,1.111611008644104,0.009787026792764664,1.764213084243238e-05,0.8325,3.3499999046325684,3.062750329263508e-05,0.0019202418625354767,0.05158557370305061,0.0275,0.027420416474342346,0.05952083319425583,0.1674584150314331,1.8311522580916062e-05
1034,-0.5296080112457275,-0.6777904629707336,0.22327283024787903,400,True,304.0723398128063,0.20482997596263885,0.009737574495375156,0.8656488060951233,0.0009202964720316231,1.0575606211205013e-05,0.8525,2.950000047683716,4.088414425496012e-05,0.0020200470462441444,0.05516786500811577,0.0,0.020055146887898445,0.0503089465200901,0.16266384720802307,3.0074797905399464e-05
1035,-1.5201642513275146,-0.23973245918750763,0.436818927526474,400,True,215.63828291877954,0.5005165338516235,0.024039169773459435,1.6411229372024536,0.008398514240980148,2.8070231564925052e-05,0.7775,4.449999809265137,3.129054312012158e-05,0.0019297287799417973,0.054543595761060715,0.1,0.03576095774769783,0.0692182332277298,0.1544475555419922,1.9758257622015662e-05
1036,-1.558912754058838,0.6018440127372742,0.34900519251823425,400,True,222.8572546139213,0.49636030197143555,0.018744464963674545,1.7183763980865479,0.005269885063171387,2.006366958084982e-05,0.785,4.300000190734863,3.439545616856776e-05,0.0021418447140604258,0.05180274695158005,0.0725,0.03395640477538109,0.0692831352353096,0.15704947710037231,1.9086934116785415e-05
1037,-1.5164998769760132,-0.3818822205066681,0.38270920515060425,400,True,224.30279398381023,0.4807579517364502,0.021110840141773224,1.6335798501968384,0.006482794415205717,2.308582406840287e-05,0.785,4.300000190734863,3.4506556403357536e-05,0.0021452864166349173,0.05553215369582176,0.08,0.03435089439153671,0.06835642457008362,0.15587711334228516,2.041014886344783e-05
1038,-1.5098652839660645,-0.8029577136039734,0.31811848282814026,400,True,226.6839415655979,0.4864528477191925,0.02071700245141983,1.7404906749725342,0.004146654158830643,1.9305562091176398e-05,0.79,4.199999809265137,4.174105197307654e-05,0.0025852497201412916,0.05634520575404167,0.06,0.0341012068092823,0.06933419406414032,0.16344554722309113,2.1593634301098064e-05
1039,-0.6960156559944153,-0.0387578122317791,0.3661683201789856,400,True,307.5968201233497,0.20191071927547455,0.009069062769412994,0.7714503407478333,0.005900407675653696,1.5028687812446151e-05,0.86,2.799999952316284,3.283248224761337e-05,0.0017022843239828944,0.05457356944680214,0.0,0.02282344363629818,0.0538979098200798,0.15229035913944244,2.3487138605560176e-05
1040,-0.7547146081924438,0.5635512471199036,0.4134989380836487,400,True,290.15992505833293,0.2632780075073242,0.011347396299242973,0.990514874458313,0.007605741731822491,1.2641932698898017e-05,0.845,3.0999999046325684,3.1894462154014036e-05,0.0018828596221283078,0.0505857914686203,0.0,0.025590762495994568,0.05814126133918762,0.16346147656440735,1.9791859813267365e-05
1041,-0.6478168964385986,-0.19675222039222717,0.46515655517578125,400,True,301.5357090355993,0.21441344916820526,0.011732560582458973,0.7885604500770569,0.009408990852534771,1.696733852440957e-05,0.855,2.9000000953674316,3.134053622488864e-05,0.00176392518915236,0.05626041814684868,0.0,0.024383017793297768,0.05387159809470177,0.1516263782978058,2.107714317389764e-05
1042,-1.463887333869934,-0.25558269023895264,0.3728010952472687,400,True,232.99787833732668,0.4538705050945282,0.01926535926759243,1.5576238632202148,0.00613022455945611,2.076398959616199e-05,0.7925,4.150000095367432,3.403717710170895e-05,0.0020664376206696033,0.05474351346492767,0.0725,0.03327512741088867,0.0672006756067276,0.15464147925376892,2.0311543266871013e-05
1043,-1.7490100860595703,-0.7958716750144958,0.31946444511413574,400,True,204.0790812916677,0.5642242431640625,0.02418181486427784,1.9551773071289062,0.004192560911178589,2.1603709683404304e-05,0.7725,4.550000190734863,4.1297098505310714e-05,0.002629309892654419,0.05651281028985977,0.0775,0.03652767464518547,0.07205436378717422,0.1623028963804245,2.1322355678421445e-05
1044,-1.981444239616394,0.7169352173805237,0.20961801707744598,400,True,198.1501490596846,0.5992311835289001,0.018117617815732956,2.121452808380127,0.0007362143369391561,1.5542596884188242e-05,0.7675,4.650000095367432,4.175200228928588e-05,0.0025637918151915073,0.05522153526544571,0.065,0.03565441444516182,0.07297752797603607,0.15710023045539856,2.0136487364652567e-05
1045,-0.7272861003875732,-0.39523494243621826,0.4158290922641754,400,True,294.3983458600705,0.24043115973472595,0.011921352706849575,0.8941770792007446,0.00768606411293149,1.370856352878036e-05,0.8475,3.049999952316284,3.649918653536588e-05,0.0019570868462324142,0.05597039312124252,0.0,0.02515135519206524,0.05571942403912544,0.15424712002277374,2.433722147543449e-05
1046,-1.868130087852478,0.6265861392021179,0.39649125933647156,400,True,180.88837790351874,0.631199836730957,0.02813066728413105,2.037029266357422,0.006969756912440062,2.7617479645414278e-05,0.755,4.900000095367432,3.281731915194541e-05,0.002126633422449231,0.05283579230308533,0.1125,0.038766782730817795,0.07356932014226913,0.15546947717666626,1.896093090181239e-05
1047,-1.1699552536010742,-0.14992530643939972,0.29876548051834106,400,True,268.4623702919447,0.3337308168411255,0.012694326229393482,1.2259840965270996,0.0034499196335673332,1.4883230505802203e-05,0.82,3.5999999046325684,3.581165583455004e-05,0.0021226240787655115,0.05663987994194031,0.0175,0.028390321880578995,0.06235072761774063,0.1536852866411209,2.0944637071806937e-05
1048,-0.9076822996139526,-0.7630760073661804,0.4824531674385071,400,True,258.42966622110947,0.3474729061126709,0.0179937444627285,1.2431679964065552,0.010012884624302387,1.3787170246359892e-05,0.81,3.799999952316284,3.533685230650008e-05,0.0021839668042957783,0.056852154433727264,0.06,0.030308451503515244,0.062094394117593765,0.16188904643058777,2.782210685836617e-05
1049,-1.6127384901046753,0.09402617067098618,0.43331217765808105,400,True,206.28255975975802,0.5319633483886719,0.025200750678777695,1.7216302156448364,0.008279870264232159,2.606411544547882e-05,0.77,4.599999904632568,3.021694465132896e-05,0.0017084799474105239,0.054495058953762054,0.1075,0.036611028015613556,0.07030697166919708,0.1529919058084488,1.929331847350113e-05
1050,-1.2507070302963257,-0.40418457984924316,0.49881017208099365,400,True,233.27467195761022,0.435098797082901,0.022915424779057503,1.4333502054214478,0.010547056794166565,2.5346645998070017e-05,0.7925,4.150000095367432,3.057906360481866e-05,0.001916469307616353,0.05565796419978142,0.1,0.03444097563624382,0.06687281280755997,0.15424670279026031,2.041179504885804e-05
1051,-0.8433747291564941,-0.6024307608604431,0.2584548592567444,400,True,289.8834395844236,0.26431789994239807,0.011323736049234867,1.0516074895858765,0.0020110695622861385,1.1554316188266966e-05,0.8425,3.1500000953674316,3.8478916394524276e-05,0.002121545607224107,0.05782900005578995,0.0,0.024858782067894936,0.057870589196681976,0.15962326526641846,2.4949969883891754e-05
1052,-1.577463150024414,-0.03658809885382652,0.32490968704223633,400,True,228.4833905197184,0.47278934717178345,0.018222589045763016,1.6356801986694336,0.004399011377245188,1.7068179658963345e-05,0.7875,4.25,3.500355524010956e-05,0.0020509231835603714,0.05524266138672829,0.0675,0.03325555473566055,0.06791017204523087,0.1528475135564804,2.026961010415107e-05
1053,-0.7320424914360046,-0.38764455914497375,0.44851720333099365,400,True,291.4608720369109,0.24837136268615723,0.012827897444367409,0.9092598557472229,0.00884433463215828,1.0709512025641743e-05,0.845,3.0999999046325684,3.602297874749638e-05,0.001971150515601039,0.05578303709626198,0.0,0.025862781330943108,0.05620003491640091,0.15414626896381378,2.3490483727073297e-05
1054,-1.9604523181915283,0.6108824014663696,0.3443475067615509,400,True,181.11391696265878,0.6391269564628601,0.025665367022156715,2.1031830310821533,0.005099654197692871,2.1521114831557497e-05,0.755,4.900000095367432,3.484204353298992e-05,0.0022281112615019083,0.054321855306625366,0.1025,0.03818569704890251,0.07361838966608047,0.15546046197414398,1.936338776431512e-05
1055,-0.8035520911216736,-0.8197364807128906,0.37500709295272827,400,True,272.62878947101234,0.3062325417995453,0.0146825285628438,1.1733254194259644,0.006228003650903702,1.1947429811698385e-05,0.8225,3.549999952316284,4.855276711168699e-05,0.0023839951027184725,0.0686565712094307,0.0,0.027267079800367355,0.05952620878815651,0.16509635746479034,3.148993710055947e-05
1056,-0.6173267960548401,-0.7547652125358582,0.33817118406295776,400,True,288.43504476795994,0.24839964509010315,0.011969815008342266,0.9910121560096741,0.004886659327894449,1.3843806300428696e-05,0.835,3.299999952316284,4.1557195800123736e-05,0.0021719196811318398,0.05485446751117706,0.0,0.023658132180571556,0.05445555970072746,0.16383902728557587,2.777110603346955e-05
1057,-1.4013786315917969,-0.020997419953346252,0.2980625629425049,400,True,248.06685990886766,0.40564143657684326,0.01490121427923441,1.4497898817062378,0.003426517592743039,1.451965727028437e-05,0.8025,3.950000047683716,3.6218527384335175e-05,0.00209822878241539,0.0564812608063221,0.0475,0.03086874634027481,0.06551291793584824,0.1526922583580017,2.0547211533994414e-05
1058,-1.9344123601913452,-0.6835842132568359,0.34246277809143066,400,True,183.26370178394848,0.6312327980995178,0.028171991929411888,2.0965728759765625,0.0050116428174078465,3.0444767617154866e-05,0.7575,4.849999904632568,3.878829738823697e-05,0.0025391168892383575,0.05684269219636917,0.1,0.038732755929231644,0.07398568093776703,0.15901105105876923,2.0911911633447744e-05
1059,-1.3239208459854126,-0.34795770049095154,0.3298633396625519,400,True,249.80505215838778,0.39726656675338745,0.016073452308773994,1.4192335605621338,0.0045724413357675076,2.0310902982600965e-05,0.805,3.9000000953674316,3.670670776045881e-05,0.0021998900920152664,0.054955821484327316,0.05,0.031011642888188362,0.06505568325519562,0.155857115983963,2.0898558432236314e-05
1060,-0.5232435464859009,-0.8263487219810486,0.4775193929672241,400,True,279.9767464171008,0.26284900307655334,0.01466824859380722,1.0047281980514526,0.009829203598201275,2.043063796008937e-05,0.825,3.5,3.732413097168319e-05,0.0021799649111926556,0.052358414977788925,0.0,0.025017499923706055,0.053680043667554855,0.1649969518184662,2.25493531615939e-05
1061,-1.0766786336898804,0.09924349933862686,0.28927016258239746,400,True,277.92627567313133,0.3013931214809418,0.010866858996450901,1.1258193254470825,0.0031151194125413895,9.97618099063402e-06,0.8275,3.450000047683716,3.347654273966327e-05,0.0019645956344902515,0.055966950953006744,0.0,0.026866501197218895,0.061060260981321335,0.1534855216741562,2.0495226635830477e-05
1062,-1.020176649093628,-0.6513675451278687,0.4292861223220825,400,True,260.37348492757474,0.3527791202068329,0.016931327059864998,1.2664623260498047,0.00814889743924141,2.018787563429214e-05,0.815,3.700000047683716,3.599182309699245e-05,0.00219410820864141,0.05415168032050133,0.0525,0.03016711212694645,0.06262002140283585,0.15953227877616882,2.48958731390303e-05
1063,-0.5567145943641663,0.6067063212394714,0.2895512878894806,400,True,312.8787578922906,0.2001395970582962,0.007652668748050928,0.8364686965942383,0.003128601238131523,7.544506388512673e-06,0.87,2.5999999046325684,2.833274265867658e-05,0.0016585856210440397,0.049730684608221054,0.0,0.02007945626974106,0.05205237865447998,0.16983652114868164,1.9757648260565475e-05
1064,-1.6129041910171509,-0.13716638088226318,0.24278511106967926,400,True,233.23643526106466,0.4604463279247284,0.016068242490291595,1.6486083269119263,0.0014716737205162644,1.713128949631937e-05,0.79,4.199999809265137,3.937203291570768e-05,0.0023101053666323423,0.055054496973752975,0.0475,0.03231801092624664,0.06778252869844437,0.15373988449573517,2.100119127135258e-05
1065,-0.5033138990402222,-0.5932050347328186,0.453745573759079,400,True,297.2607645409345,0.21397964656352997,0.012054307386279106,0.8157080411911011,0.009028063155710697,1.0082629160024226e-05,0.845,3.0999999046325684,3.362805728102103e-05,0.0019155337940901518,0.056316182017326355,0.0,0.023026688024401665,0.05110972002148628,0.15816611051559448,2.223942465207074e-05
1066,-1.3762075901031494,0.32575497031211853,0.20805609226226807,400,True,255.95219584745618,0.38269710540771484,0.011865431442856789,1.4330849647521973,0.000734869041480124,1.1166843250975944e-05,0.8075,3.8499999046325684,3.8107777072582394e-05,0.0022899594623595476,0.05479497089982033,0.0,0.029329927638173103,0.06556837260723114,0.15523801743984222,2.046236659225542e-05
1067,-0.6176835894584656,0.9055254459381104,0.20151829719543457,400,True,290.51496525529353,0.25913769006729126,0.010138627141714096,1.0992552042007446,0.0007733528036624193,1.1462875590950716e-06,0.84,3.200000047683716,3.2689484214643016e-05,0.0019912796560674906,0.04732120409607887,0.0,0.02175736427307129,0.055977512151002884,0.17966602742671967,2.07763569051167e-05
1068,-0.7787961959838867,0.5352519750595093,0.25048118829727173,400,True,301.52998027733287,0.23579704761505127,0.008046532981097698,0.9600626230239868,0.0017451985040679574,7.235290468088351e-06,0.855,2.9000000953674316,3.756290607270785e-05,0.0018646173411980271,0.05689382180571556,0.0,0.02292851358652115,0.05780898779630661,0.16445298492908478,2.6923991754301824e-05
1069,-0.5076419115066528,0.8446078896522522,0.24751581251621246,400,True,296.686411649147,0.233356773853302,0.009373721666634083,0.9901279211044312,0.0016481367638334632,4.902690307062585e-06,0.845,3.0999999046325684,2.91042906610528e-05,0.0018140068277716637,0.04623532295227051,0.0,0.019531071186065674,0.050576455891132355,0.17875026166439056,1.9845050701405853e-05
1070,-1.6644020080566406,0.9533751606941223,0.22921264171600342,400,True,219.79367022787642,0.5262418985366821,0.016609590500593185,1.9316902160644531,0.001065391581505537,1.434242949471809e-05,0.785,4.300000190734863,4.268900374881923e-05,0.002622287953272462,0.05445069819688797,0.05,0.03383836895227432,0.071708545088768,0.1629713773727417,1.9315260942676105e-05
1071,-1.6379417181015015,0.7469041347503662,0.26974478363990784,400,True,222.41797325047972,0.5082069039344788,0.016755225136876106,1.8231765031814575,0.0024014052469283342,1.6636220607324503e-05,0.785,4.300000190734863,3.896854832419194e-05,0.0024017952382564545,0.05516229197382927,0.0575,0.03354168310761452,0.07030723243951797,0.1592215895652771,1.949032593984157e-05
1072,-1.22187077999115,0.3675197660923004,0.4661308228969574,400,True,243.0454833035499,0.4093969762325287,0.018889451399445534,1.3832852840423584,0.009428090415894985,2.451166983519215e-05,0.8,4.0,2.908472015406005e-05,0.0017163208685815334,0.05442333593964577,0.0825,0.03256350755691528,0.06559663265943527,0.1551155149936676,2.1082787498016842e-05
1073,-1.5133368968963623,0.8512749075889587,0.3800120949745178,400,True,219.01726307080023,0.5137246251106262,0.02030070498585701,1.7803895473480225,0.006397361401468515,1.7574249795870855e-05,0.785,4.300000190734863,3.4934513678308576e-05,0.002264054724946618,0.05418814718723297,0.0775,0.03480525314807892,0.07032368332147598,0.16073743999004364,1.845876067818608e-05
1074,-0.5001789927482605,-0.2884053587913513,0.4962819218635559,400,True,309.2044301296687,0.18452243506908417,0.011624987237155437,0.6843822598457336,0.01050298847258091,5.358542694011703e-06,0.8625,2.75,2.989883068948984e-05,0.0016782879829406738,0.054845720529556274,0.0,0.022692766040563583,0.050244223326444626,0.152320995926857,2.0878338546026498e-05
1075,-0.8189709782600403,0.9466501474380493,0.23914383351802826,400,True,280.08683935292413,0.30818530917167664,0.011324567720293999,1.2590471506118774,0.001376754604279995,4.068169346282957e-06,0.835,3.299999952316284,3.9092174120014533e-05,0.0022361644078046083,0.04984830319881439,0.0,0.025516699999570847,0.06194882467389107,0.17653393745422363,2.3390968635794707e-05
1076,-1.445397138595581,-0.562984049320221,0.45283621549606323,400,True,218.4600182368013,0.4946329891681671,0.02471805550158024,1.6364034414291382,0.008953460492193699,3.052285319427028e-05,0.7825,4.349999904632568,3.34107389790006e-05,0.0021592318080365658,0.05530257523059845,0.1,0.035890545696020126,0.06935734301805496,0.15804821252822876,2.023056549660396e-05
1077,-0.6151338219642639,-0.8893533945083618,0.2694230377674103,400,True,282.67122404353415,0.2660285532474518,0.012759940698742867,1.088533878326416,0.0023983505088835955,1.127683117374545e-05,0.8275,3.450000047683716,4.4798282033298165e-05,0.002282185247167945,0.061846207827329636,0.0,0.02327004261314869,0.05479360744357109,0.16859258711338043,2.996779585373588e-05
1078,-0.6580581068992615,-0.6858707666397095,0.23459486663341522,400,True,296.5255630784778,0.2314525544643402,0.010550661943852901,0.9584092497825623,0.0012264832621440291,9.470153599977493e-06,0.845,3.0999999046325684,4.526311386143789e-05,0.002122973557561636,0.0681757777929306,0.0,0.022317757830023766,0.054164644330739975,0.16427548229694366,3.294676207588054e-05
1079,-0.5874135494232178,0.8651593327522278,0.4896434247493744,400,True,279.16622849161814,0.2828395366668701,0.014003831893205643,1.076871633529663,0.01028369553387165,2.725627382460516e-06,0.83,3.4000000953674316,3.117424785159528e-05,0.0019661320839077234,0.048200059682130814,0.0,0.025241324678063393,0.05520479008555412,0.17335303127765656,1.8635773813002743e-05
1080,-0.6397119164466858,0.7102972865104675,0.367546945810318,400,True,295.72843267253137,0.24638023972511292,0.01018393225967884,0.9783483743667603,0.005969057325273752,6.328351446427405e-06,0.85,3.0,3.0383576813619584e-05,0.0018432583892717957,0.05107704922556877,0.0,0.02339671552181244,0.05564149096608162,0.17044514417648315,1.923949457705021e-05
1081,-1.3320256471633911,0.8601993322372437,0.3006768822669983,400,True,244.12963818702926,0.43536776304244995,0.015148978680372238,1.6089626550674438,0.003529487643390894,1.018291095533641e-05,0.805,3.9000000953674316,3.811847636825405e-05,0.0023692846298217773,0.05115561932325363,0.0425,0.03161127492785454,0.06825863569974899,0.16434915363788605,1.860052907431964e-05
1082,-0.9581221342086792,-0.30673766136169434,0.3117980659008026,400,True,284.21273095709546,0.2785293757915497,0.011386706493794918,1.0490784645080566,0.003936902619898319,8.711430382390972e-06,0.835,3.299999952316284,3.5648656194098294e-05,0.0020265495404601097,0.05695311352610588,0.0,0.02621479704976082,0.059116095304489136,0.1531347930431366,2.268479875056073e-05
1083,-1.3940625190734863,0.6289385557174683,0.21643398702144623,400,True,249.9665178433002,0.41007572412490845,0.012609317898750305,1.543319821357727,0.000793584855273366,1.0664884030120447e-05,0.805,3.9000000953674316,3.9200651372084394e-05,0.0023789142724126577,0.05405750125646591,0.0175,0.030159275978803635,0.06724685430526733,0.15956035256385803,1.9733763110707514e-05
1084,-0.7371216416358948,-0.8951173424720764,0.4071005880832672,400,True,269.5004549043191,0.30950862169265747,0.01549598015844822,1.1846938133239746,0.007363000884652138,1.9573710233089514e-05,0.8175,3.6500000953674316,4.517088018474169e-05,0.0024119929876178503,0.055608294904232025,0.0,0.027335211634635925,0.05903571471571922,0.16660675406455994,2.7399584723752923e-05
1085,-0.7224554419517517,-0.08529454469680786,0.4138740301132202,400,True,300.34682537814047,0.22112040221691132,0.010674087330698967,0.8224303722381592,0.007619136944413185,1.2533023436844815e-05,0.8525,2.950000047683716,3.308123996248469e-05,0.0017669774824753404,0.05637222155928612,0.0,0.024330997839570045,0.05505558103322983,0.15190140902996063,2.2768737835576758e-05
1086,-0.7490203976631165,-0.7008727788925171,0.4387705326080322,400,True,276.3758483497981,0.2867248058319092,0.014609170146286488,1.0677448511123657,0.008498967625200748,1.2496888302848674e-05,0.825,3.5,4.1397881432203576e-05,0.0022462059278041124,0.05526653304696083,0.0,0.027110978960990906,0.05813848227262497,0.16074247658252716,2.5656716388766654e-05
1087,-1.2718281745910645,-0.8616007566452026,0.3274095356464386,400,True,243.3451223678544,0.42493703961372375,0.01865224726498127,1.5632307529449463,0.004493757151067257,1.5187599274213426e-05,0.8025,3.950000047683716,4.246379103278741e-05,0.0025697764940559864,0.05723519250750542,0.045,0.03209918364882469,0.06690658628940582,0.16555269062519073,2.1880821805098094e-05
1088,-1.148199200630188,-0.9221230149269104,0.4605681300163269,400,True,235.44550146261275,0.43281158804893494,0.02176523581147194,1.5241628885269165,0.009238620288670063,2.279863110743463e-05,0.7925,4.150000095367432,3.8189857150428e-05,0.0024174940772354603,0.05627141147851944,0.075,0.03353630378842354,0.06690193712711334,0.16561344265937805,2.2741522116120905e-05
1089,-1.8535881042480469,0.5890284776687622,0.37915652990341187,400,True,187.1213236672172,0.6145689487457275,0.026189425960183144,2.0068397521972656,0.0063577559776604176,2.2602975150221027e-05,0.76,4.800000190734863,3.324971839901991e-05,0.002127031795680523,0.05512060597538948,0.105,0.03800763934850693,0.07296736538410187,0.15540273487567902,1.908455669763498e-05
1090,-0.9845758080482483,-0.6573527455329895,0.30003631114959717,400,True,275.23971463916416,0.3150636851787567,0.013553103432059288,1.2067850828170776,0.0035006410907953978,1.2649662494368386e-05,0.83,3.4000000953674316,3.8386588130379096e-05,0.0022574583999812603,0.05768938735127449,0.0,0.02757895551621914,0.06115899980068207,0.16080111265182495,2.2430926037486643e-05
1091,-1.8845704793930054,-0.6914018392562866,0.36124923825263977,400,True,185.59516112520785,0.6221154928207397,0.028546929359436035,2.057251453399658,0.005690254736691713,3.2085401471704245e-05,0.76,4.800000190734863,3.7966987292747945e-05,0.00250461813993752,0.05347930267453194,0.1025,0.038712307810783386,0.0737551748752594,0.15913167595863342,2.0707762814708985e-05
1092,-1.9696727991104126,-0.2278679758310318,0.31251582503318787,400,True,189.18321742105775,0.6117554306983948,0.02473466284573078,2.033517599105835,0.003925046883523464,2.8546592147904448e-05,0.76,4.800000190734863,3.634329550550319e-05,0.0022382312454283237,0.056606680154800415,0.0925,0.03745316341519356,0.07265201956033707,0.15456999838352203,2.052488343906589e-05
1093,-0.8791002631187439,0.07968070358037949,0.43002596497535706,400,True,283.7557453796651,0.2733713686466217,0.01256620604544878,0.9867653250694275,0.008186180144548416,1.3415681678452529e-05,0.835,3.299999952316284,3.1737450626678765e-05,0.0017536744708195329,0.05455237254500389,0.035,0.026893803849816322,0.05865787714719772,0.15318912267684937,2.4413033315795474e-05
1094,-0.9031349420547485,-0.5643354058265686,0.2514164447784424,400,True,288.356199820798,0.2737323045730591,0.011451330035924911,1.0811164379119873,0.001767573761753738,1.1913247362826951e-05,0.8425,3.1500000953674316,3.667227065307088e-05,0.0021134186536073685,0.05702207610011101,0.0,0.025415606796741486,0.05881073698401451,0.15859542787075043,2.292282624694053e-05
1095,-1.3096781969070435,-0.4019305408000946,0.2943161725997925,400,True,253.34770178693518,0.3864879012107849,0.015200190246105194,1.4065625667572021,0.0032928581349551678,1.3300422324391548e-05,0.8075,3.8499999046325684,3.847349944408052e-05,0.00230157608166337,0.05379455164074898,0.0375,0.030401743948459625,0.06480155885219574,0.1566871553659439,2.1255935280350968e-05
1096,-0.5565752387046814,0.7886120080947876,0.27283963561058044,400,True,299.1062111893932,0.23160295188426971,0.009051751345396042,0.972832441329956,0.0025395737029612064,1.7456519572078832e-06,0.85,3.0,2.9352713681873865e-05,0.0018053718376904726,0.046985700726509094,0.0,0.020618818700313568,0.05265723541378975,0.17599625885486603,1.9536812033038586e-05
1097,-1.3080552816390991,0.037033263593912125,0.27344202995300293,400,True,258.3786296049201,0.3694742023944855,0.013029132038354874,1.3485984802246094,0.0025473684072494507,9.136680091614835e-06,0.81,3.799999952316284,3.658982677734457e-05,0.002127721207216382,0.056673675775527954,0.03,0.029412109404802322,0.06422490626573563,0.1530156284570694,2.0667739590862766e-05
1098,-1.2224541902542114,-0.25077617168426514,0.4742331802845001,400,True,242.68270274601048,0.40753012895584106,0.02020401693880558,1.3670852184295654,0.009726636111736298,1.5817760868230835e-05,0.8,4.0,3.0371804314199835e-05,0.0018319077789783478,0.05321934074163437,0.0875,0.03293967247009277,0.06537137925624847,0.15258657932281494,2.0440422304091044e-05
1099,-1.9130916595458984,0.09447009861469269,0.36984628438949585,400,True,185.5021501376445,0.6162301898002625,0.026998097077012062,1.9915422201156616,0.006012442987412214,2.6932717446470633e-05,0.7575,4.849999904632568,3.2723961339797825e-05,0.0018719559302553535,0.054744407534599304,0.1075,0.038216233253479004,0.07284368574619293,0.15305326879024506,1.9765006072702818e-05
